{
  "bucket_q90": {},
  "global_q90": 218.7495172518727,
  "hour_q90": {
    "0": 173.40294681378265,
    "1": 182.31940557306464,
    "10": 262.3154701926491,
    "11": 246.58864591228428,
    "12": 246.9095800143569,
    "13": 226.57763571668033,
    "14": 179.34631452418083,
    "15": 182.258302603195,
    "16": 164.9181744931349,
    "17": 175.30473323081853,
    "18": 124.35210680605755,
    "19": 140.75084911744983,
    "2": 200.5556578202682,
    "20": 171.24102068089726,
    "21": 172.4067903888759,
    "22": 126.03882737800247,
    "23": 194.88212503461693,
    "3": 247.58958823464135,
    "4": 235.74767525412827,
    "5": 239.69717088179164,
    "6": 218.56646256880342,
    "7": 180.6879064386543,
    "8": 191.62504508278596,
    "9": 194.39969759854412
  },
  "min_bucket_size": 10,
  "pred_edges": [
    908.3315267851858,
    1110.1988099994082
  ],
  "vol_edges": [
    47.922306060791016,
    74.7029062906901
  ]
}
