{
  "alpha": 0.75,
  "global_bias": -29.344772338867188,
  "hour_bias": {
    "0": -26.034599645813902,
    "1": -29.787359064275567,
    "10": -37.10912253639915,
    "11": -30.671696449393657,
    "12": -28.882687924513178,
    "13": -33.0681935780084,
    "14": -23.144062326915233,
    "15": -41.57351866764809,
    "16": -38.94595769625991,
    "17": -28.503671219099814,
    "18": -26.083002802151356,
    "19": -28.919715084246736,
    "2": -36.46960587935014,
    "20": -23.5255238547254,
    "21": -27.12919639473531,
    "22": -23.09313646003382,
    "23": -27.559688511179456,
    "3": -39.574179909446016,
    "4": -38.95884773947976,
    "5": -37.841821150346235,
    "6": -32.90893693403764,
    "7": -30.77324884588068,
    "8": -26.446982643821023,
    "9": -27.43993655118075
  },
  "shrinkage": 48.0
}
