{
  "bucket_q90": {},
  "global_q90": 191.28706446042492,
  "hour_q90": {
    "0": 162.2632960119912,
    "1": 137.79001552036826,
    "10": 199.76854945591523,
    "11": 260.12650061319033,
    "12": 256.1105145121729,
    "13": 231.68389126090116,
    "14": 171.57857240188946,
    "15": 203.62740563680958,
    "16": 211.64232546784154,
    "17": 187.7570837686228,
    "18": 142.88603629178775,
    "19": 164.61150697220197,
    "2": 166.610653250558,
    "20": 154.79116154160607,
    "21": 170.01084580532336,
    "22": 138.03128009175137,
    "23": 165.42424657067582,
    "3": 197.2125741141183,
    "4": 166.250341796875,
    "5": 177.89728219168524,
    "6": 154.4941702706474,
    "7": 157.75751691545767,
    "8": 175.98463919503357,
    "9": 148.3011701311384
  },
  "min_bucket_size": 10,
  "pred_edges": [
    876.7628755115327,
    1161.878177613251
  ],
  "vol_edges": [
    47.922306060791016,
    74.7029062906901
  ]
}
