stage,fold,mae_all,mae_peak,pinball_p90,composite
load_calendar+reefer_state,0,126.49983233859082,120.50351314497846,29.773505892219028,105.35567129123274
load_calendar+reefer_state,1,97.62180945660958,93.8895633647367,22.944925728699545,81.56675888346571
