{
  "alpha": 1.0,
  "global_bias": -29.466552734375,
  "hour_bias": {
    "0": -26.772671011991278,
    "1": -25.6339852469308,
    "10": -22.959455217633927,
    "11": -36.98621741006541,
    "12": -33.92706724654796,
    "13": -39.027934229651166,
    "14": -29.187800917514537,
    "15": -40.97587975790334,
    "16": -41.23168093659157,
    "17": -30.094229764716573,
    "18": -35.828760901162795,
    "19": -28.669429335483287,
    "2": -35.85440935407365,
    "20": -29.673998455668606,
    "21": -31.152386332667152,
    "22": -22.825323060501454,
    "23": -28.76228368005087,
    "3": -37.43101283482143,
    "4": -29.559020996093746,
    "5": -24.95993477957589,
    "6": -30.103929792131694,
    "7": -19.02776227678571,
    "8": -22.126796177455354,
    "9": -12.90097481863839
  },
  "shrinkage": 24.0
}
