{
  "bucket_q90": {},
  "global_q90": 203.96139424979884,
  "hour_q90": {
    "0": 167.79935785337938,
    "1": 180.54960763113837,
    "10": 240.76967947823667,
    "11": 227.9320250045421,
    "12": 221.6801672647165,
    "13": 195.0763510060865,
    "14": 152.05707014216935,
    "15": 155.95965491006532,
    "16": 133.0792233489279,
    "17": 179.0392035905704,
    "18": 125.31432480922962,
    "19": 106.54918439998184,
    "2": 179.50051182338174,
    "20": 126.4533521075581,
    "21": 122.72841626544324,
    "22": 97.55456855241631,
    "23": 183.5654586437136,
    "3": 241.64645734514517,
    "4": 235.18440987723213,
    "5": 237.66009608677444,
    "6": 219.50631888253358,
    "7": 175.91660069056937,
    "8": 191.17340785435266,
    "9": 198.93048618861613
  },
  "min_bucket_size": 10,
  "pred_edges": [
    922.5217195259509,
    1098.1143282428795
  ],
  "vol_edges": [
    47.922306060791016,
    74.7029062906901
  ]
}
