{
  "alpha": 1.0,
  "global_bias": -26.80072021484375,
  "hour_bias": {
    "0": -28.63356195494186,
    "1": -20.897739955357142,
    "10": -37.46718924386161,
    "11": -40.14237656704215,
    "12": -22.57982546784157,
    "13": -27.11404631858648,
    "14": -20.659658032794333,
    "15": -41.05457678506541,
    "16": -35.883752157521805,
    "17": -44.77255319994549,
    "18": -29.19974961391715,
    "19": -21.038869458575583,
    "2": -26.901964460100444,
    "20": -19.51511968568314,
    "21": -18.914573492005815,
    "22": -16.127298044603926,
    "23": -21.262065089026162,
    "3": -36.19838605608258,
    "4": -35.12704903738839,
    "5": -32.915540422712056,
    "6": -30.17345755440848,
    "7": -22.149462018694194,
    "8": -23.91563197544643,
    "9": -28.30098179408482
  },
  "shrinkage": 24.0
}
