{
  "composite": 71.23091307181618,
  "mae_all": 71.07424599317733,
  "mae_peak": 107.62980501076433,
  "pinball_p90": 17.024242859991045
}
