{
  "composite": 29.948833141838154,
  "mae_all": 32.350325777524006,
  "mae_peak": 39.90076979491814,
  "pinball_p90": 9.01719657300355
}
