{
  "bucket_q90": {},
  "global_q90": 146.582763671875,
  "hour_q90": {
    "0": 135.1417724609375,
    "1": 132.77133789062515,
    "10": 67.49501953125004,
    "11": 53.36704101562493,
    "12": 127.20671386718742,
    "13": 107.57155761718742,
    "14": 144.35688476562493,
    "15": 119.45605468749996,
    "16": 152.5666748046874,
    "17": 113.82080078124989,
    "18": 134.94187011718742,
    "19": 113.4940917968749,
    "2": 131.8648559570313,
    "20": 136.3546386718749,
    "21": 128.9682373046874,
    "22": 154.22717285156241,
    "23": 126.55300292968745,
    "3": 96.18492431640631,
    "4": 96.69982910156259,
    "5": 143.01126708984378,
    "6": 154.54310302734376,
    "7": 128.10803222656259,
    "8": 153.39782714843753,
    "9": 85.68969726562504
  },
  "min_bucket_size": 10,
  "pred_edges": [
    993.0556437174479,
    1228.6638997395833
  ],
  "vol_edges": [
    47.922306060791016,
    74.7029062906901
  ]
}
