{
  "bucket_q90": {},
  "global_q90": 149.45347405105338,
  "hour_q90": {
    "0": 136.10871217789187,
    "1": 122.2537565637807,
    "10": 139.61751048603995,
    "11": 155.0160935698962,
    "12": 176.44800755235016,
    "13": 173.7363497374487,
    "14": 181.3076369989114,
    "15": 184.0823968605917,
    "16": 194.12446249039448,
    "17": 157.04856772500963,
    "18": 127.31348249091474,
    "19": 137.58577080398308,
    "2": 139.33355252625515,
    "20": 116.34559486264084,
    "21": 133.28623420961446,
    "22": 114.59566650390627,
    "23": 132.098120904738,
    "3": 168.29356189164957,
    "4": 143.23580982646,
    "5": 149.78360795818386,
    "6": 130.16301969934688,
    "7": 121.6842273149334,
    "8": 143.86064933401633,
    "9": 120.2488723504739
  },
  "min_bucket_size": 10,
  "pred_edges": [
    973.5250174100282,
    1158.4779485887098
  ],
  "vol_edges": [
    47.606319427490234,
    81.08940887451172
  ]
}
