{
  "alpha": 1.0,
  "global_bias": 4.1849365234375,
  "hour_bias": {
    "0": 1.0013860887096773,
    "1": 2.760244901063012,
    "10": 9.475616955366291,
    "11": 8.386634701588115,
    "12": 4.095418961321721,
    "13": 1.9969022156762293,
    "14": -10.088227819223873,
    "15": -1.536412973872951,
    "16": -9.082543545081966,
    "17": 11.487244652920083,
    "18": 5.284321769339139,
    "19": 6.057808297579406,
    "2": -1.454743932505123,
    "20": 12.48178550845287,
    "21": 7.782918622416834,
    "22": 5.430419921875,
    "23": 5.513878606980847,
    "3": -19.387873415087093,
    "4": -1.496429943647541,
    "5": -5.898561571465164,
    "6": 2.880119949090676,
    "7": 7.339893778816599,
    "8": 2.4072095527023567,
    "9": 7.765898157338627
  },
  "shrinkage": 24.0
}
