{
  "bucket_q90": {},
  "global_q90": 132.95599365234375,
  "hour_q90": {
    "0": 130.213427734375,
    "1": 85.73252563476568,
    "10": 167.22177734375,
    "11": 180.44082031249994,
    "12": 179.05454101562495,
    "13": 161.03273925781247,
    "14": 129.939208984375,
    "15": 111.9598388671875,
    "16": 106.46815185546873,
    "17": 81.96630859374999,
    "18": 72.00723876953124,
    "19": 100.75650634765624,
    "2": 93.70735473632816,
    "20": 97.70363769531248,
    "21": 99.25207519531249,
    "22": 86.18088378906249,
    "23": 113.7289306640625,
    "3": 118.88938598632815,
    "4": 125.12926025390625,
    "5": 128.64210205078126,
    "6": 132.23029785156254,
    "7": 120.57384643554693,
    "8": 145.0140014648438,
    "9": 154.68858642578127
  },
  "min_bucket_size": 10,
  "pred_edges": [
    972.7941691080729,
    1145.434692382812
  ],
  "vol_edges": [
    47.922306060791016,
    74.7029062906901
  ]
}
