{
  "composite": 63.53956331754864,
  "mae_all": 55.73051383067087,
  "mae_peak": 110.60657171022709,
  "pinball_p90": 12.461674445725391
}
