{
  "bucket_q90": {},
  "global_q90": 141.62615966796875,
  "hour_q90": {
    "0": 112.2574462890625,
    "1": 72.29799194335938,
    "10": 187.3138427734375,
    "11": 180.20639648437498,
    "12": 182.29482421875,
    "13": 136.39429931640618,
    "14": 125.81108398437492,
    "15": 133.9668334960937,
    "16": 142.64534912109372,
    "17": 130.59296874999995,
    "18": 79.66857910156243,
    "19": 108.17423095703118,
    "2": 88.57971801757813,
    "20": 102.2714599609374,
    "21": 111.23554687499993,
    "22": 84.28692626953121,
    "23": 103.26976318359374,
    "3": 117.69101562500003,
    "4": 94.76596679687503,
    "5": 118.85437011718753,
    "6": 101.10130004882812,
    "7": 109.55966186523442,
    "8": 107.46973266601569,
    "9": 132.03836669921878
  },
  "min_bucket_size": 10,
  "pred_edges": [
    936.9527587890625,
    1180.7442626953125
  ],
  "vol_edges": [
    47.922306060791016,
    74.7029062906901
  ]
}
