{
  "composite": 55.060715251935164,
  "mae_all": 72.2698912108422,
  "mae_peak": 50.859974057898604,
  "pinball_p90": 18.33888714572239
}
