{
  "composite": 440.7308497804972,
  "mae_all": 382.77436130677637,
  "mae_peak": 669.5974320121434,
  "pinball_p90": 242.32219761732986
}
