{
  "composite": 47.02847159438467,
  "lag24_terciles": [
    829.2547621497696,
    874.6636507257375
  ],
  "mae_all": 54.59594366997688,
  "mae_peak": 59.10407638546338,
  "p90_uplifts": [
    1.065,
    1.14,
    1.085
  ],
  "pinball_p90": 9.99638421878609,
  "point_weights": [
    0.35,
    1.0,
    0.475
  ]
}
