{
  "composite": 100.2878825887978,
  "mae_all": 97.33268018875154,
  "mae_peak": 162.69918236518274,
  "pinball_p90": 14.058938924336108
}
