{
  "composite": 56.224068130875864,
  "mae_all": 65.87693301132738,
  "mae_peak": 65.17258516651121,
  "pinball_p90": 18.669130376294053
}
