{
  "composite": 50.32712777576215,
  "lag24_terciles": [
    829.2547621497696,
    874.6636507257375
  ],
  "mae_all": 46.46246135098768,
  "mae_peak": 83.64915304388413,
  "p90_uplifts": [
    1.07,
    1.14,
    1.08
  ],
  "pinball_p90": 10.005755935515396,
  "point_weights": [
    0.3,
    0.6,
    0.0
  ]
}
