{
  "composite": 101.38751062230256,
  "mae_all": 111.29265837282843,
  "mae_peak": 139.69710270717616,
  "pinball_p90": 19.16025311867752
}
