{
  "composite": 56.97484627428496,
  "mae_all": 72.77228835523422,
  "mae_peak": 55.332671323450896,
  "pinball_p90": 19.94450349816292
}
