{
  "composite": 64.8835562178652,
  "mae_all": 61.625484175746216,
  "mae_peak": 105.71069866677989,
  "pinball_p90": 11.78802264979067
}
