{
  "composite": 58.7991729492854,
  "mae_all": 64.21323548731783,
  "mae_peak": 80.6426126231318,
  "pinball_p90": 12.498857093434692
}
