{
  "bucket_q90": {},
  "global_q90": 173.06670997494552,
  "hour_q90": {
    "0": 113.17295197517647,
    "1": 156.94491347015884,
    "10": 171.3283155097336,
    "11": 198.0940049968782,
    "12": 174.141885526063,
    "13": 173.5083586145619,
    "14": 170.7360663742315,
    "15": 161.31109158875515,
    "16": 154.72229063940824,
    "17": 149.51445672707482,
    "18": 130.88882396260243,
    "19": 156.1430561003138,
    "2": 184.1757458295978,
    "20": 168.64082921762932,
    "21": 191.76846628496725,
    "22": 175.38908671717496,
    "23": 161.35773886403743,
    "3": 188.45461665919578,
    "4": 173.53916155705681,
    "5": 184.44180527984116,
    "6": 171.76331286821207,
    "7": 155.49638601834656,
    "8": 150.26048834128454,
    "9": 142.65533327196465
  },
  "min_bucket_size": 10,
  "pred_edges": [
    951.6718920097976,
    1179.3110271516393
  ],
  "vol_edges": [
    47.606319427490234,
    81.08940887451172
  ]
}
