{
  "alpha": 1.0,
  "global_bias": 8.6390380859375,
  "hour_bias": {
    "0": 18.38069792716734,
    "1": 0.22764512359118827,
    "10": 19.477067791047645,
    "11": 12.074320808785862,
    "12": 17.03510422003074,
    "13": 0.6878572057505123,
    "14": 1.5179863601434427,
    "15": -12.379670690317623,
    "16": -1.2828619284707994,
    "17": 8.780977843237704,
    "18": 8.381073498335041,
    "19": 7.025870901639344,
    "2": 7.387828389152151,
    "20": 15.03654504994877,
    "21": -4.522763159967238,
    "22": 0.449182325793851,
    "23": 12.743701565650202,
    "3": -1.3835229091956966,
    "4": 4.961265689036885,
    "5": 12.429947649846312,
    "6": 9.681706663037911,
    "7": 10.823444303919057,
    "8": 16.523099305199793,
    "9": 19.691273173347845
  },
  "shrinkage": 24.0
}
